feature,feature_importance_mean,feature_importance_std
review_scores_accuracy,0.17250666167098622,0.0013283877465143728
review_scores_cleanliness,0.16655774571768173,0.00679759428800616
review_scores_value,0.16209348711226904,0.0017608224183078883
review_scores_communication,0.04361811217418306,0.0006910500403699004
review_scores_checkin,0.036409625920274455,0.001960367572940249
review_scores_location,0.011812803021827589,0.000424012280944169
